"id","button","likes"
"S001","red",160
"S002","red",150
"S003","red",150
"S004","red",150
"S005","red",187
"S006","red",186
"S007","red",135
"S008","red",125
"S009","red",144
"S010","red",155
"S011","red",161
"S012","red",199
"S013","red",169
"S014","red",147
"S015","red",137
"S016","red",154
"S017","red",168
"S018","red",124
"S019","red",162
"S020","red",138
"S021","red",129
"S022","red",137
"S023","red",119
"S024","red",108
"S025","red",107
"S026","red",138
"S027","red",146
"S028","red",149
"S029","red",151
"S030","red",127
"S031","red",137
"S032","red",155
"S033","red",132
"S034","red",136
"S035","red",175
"S036","red",172
"S037","red",164
"S038","red",157
"S039","red",162
"S040","red",158
"S041","red",154
"S042","red",133
"S043","red",144
"S044","red",186
"S045","red",144
"S046","red",143
"S047","red",143
"S048","red",165
"S049","red",138
"S050","red",173
"S051","red",159
"S052","red",137
"S053","red",160
"S054","red",163
"S055","red",159
"S056","red",176
"S057","red",140
"S058","red",124
"S059","red",135
"S060","red",165
"S061","red",171
"S062","red",122
"S063","red",150
"S064","red",145
"S065","red",115
"S066","red",177
"S067","red",201
"S068","red",147
"S069","red",144
"S070","red",157
"S071","red",114
"S072","red",133
"S073","red",151
"S074","red",148
"S075","red",134
"S076","red",157
"S077","red",145
"S078","red",154
"S079","red",131
"S080","red",164
"S081","red",160
"S082","red",173
"S083","red",166
"S084","red",143
"S085","red",116
"S086","red",156
"S087","red",147
"S088","red",187
"S089","red",204
"S090","red",159
"S091","red",129
"S092","red",146
"S093","red",136
"S094","red",155
"S095","red",121
"S096","red",170
"S097","red",164
"S098","red",125
"S099","red",152
"S100","red",126
"S101","green",164
"S102","green",172
"S103","green",259
"S104","green",104
"S105","green",174
"S106","green",153
"S107","green",128
"S108","green",230
"S109","green",215
"S110","green",146
"S111","green",199
"S112","green",62
"S113","green",289
"S114","green",88
"S115","green",186
"S116","green",115
"S117","green",138
"S118","green",125
"S119","green",193
"S120","green",139
"S121","green",158
"S122","green",246
"S123","green",277
"S124","green",108
"S125","green",167
"S126","green",286
"S127","green",218
"S128","green",160
"S129","green",221
"S130","green",109
"S131","green",185
"S132","green",241
"S133","green",136
"S134","green",189
"S135","green",61
"S136","green",126
"S137","green",167
"S138","green",217
"S139","green",174
"S140","green",168
"S141","green",106
"S142","green",247
"S143","green",140
"S144","green",125
"S145","green",167
"S146","green",182
"S147","green",185
"S148","green",228
"S149","green",142
"S150","green",115
"S151","green",188
"S152","green",107
"S153","green",164
"S154","green",193
"S155","green",184
"S156","green",197
"S157","green",189
"S158","green",140
"S159","green",173
"S160","green",168
"S161","green",115
"S162","green",128
"S163","green",206
"S164","green",186
"S165","green",186
"S166","green",108
"S167","green",154
"S168","green",119
"S169","green",64
"S170","green",116
"S171","green",151
"S172","green",129
"S173","green",207
"S174","green",126
"S175","green",201
"S176","green",187
"S177","green",204
"S178","green",109
"S179","green",147
"S180","green",34
"S181","green",148
"S182","green",123
"S183","green",162
"S184","green",169
"S185","green",177
"S186","green",127
"S187","green",180
"S188","green",113
"S189","green",161
"S190","green",38
"S191","green",213
"S192","green",217
"S193","green",157
"S194","green",181
"S195","green",139
"S196","green",155
"S197","green",197
"S198","green",122
"S199","green",103
"S200","green",210
"S201","blue",222
"S202","blue",194
"S203","blue",249
"S204","blue",216
"S205","blue",234
"S206","blue",175
"S207","blue",229
"S208","blue",233
"S209","blue",234
"S210","blue",210
"S211","blue",208
"S212","blue",222
"S213","blue",236
"S214","blue",184
"S215","blue",188
"S216","blue",171
"S217","blue",208
"S218","blue",160
"S219","blue",196
"S220","blue",225
"S221","blue",196
"S222","blue",166
"S223","blue",231
"S224","blue",226
"S225","blue",186
"S226","blue",186
"S227","blue",274
"S228","blue",234
"S229","blue",226
"S230","blue",240
"S231","blue",186
"S232","blue",244
"S233","blue",229
"S234","blue",206
"S235","blue",200
"S236","blue",204
"S237","blue",218
"S238","blue",182
"S239","blue",242
"S240","blue",225
"S241","blue",170
"S242","blue",186
"S243","blue",232
"S244","blue",156
"S245","blue",238
"S246","blue",225
"S247","blue",231
"S248","blue",247
"S249","blue",200
"S250","blue",201
"S251","blue",235
"S252","blue",191
"S253","blue",228
"S254","blue",206
"S255","blue",167
"S256","blue",201
"S257","blue",203
"S258","blue",213
"S259","blue",180
"S260","blue",219
"S261","blue",203
"S262","blue",205
"S263","blue",242
"S264","blue",199
"S265","blue",228
"S266","blue",198
"S267","blue",174
"S268","blue",181
"S269","blue",244
"S270","blue",235
"S271","blue",229
"S272","blue",238
"S273","blue",212
"S274","blue",256
"S275","blue",207
"S276","blue",189
"S277","blue",194
"S278","blue",208
"S279","blue",216
"S280","blue",230
"S281","blue",222
"S282","blue",180
"S283","blue",193
"S284","blue",189
"S285","blue",208
"S286","blue",218
"S287","blue",206
"S288","blue",265
"S289","blue",206
"S290","blue",224
"S291","blue",195
"S292","blue",215
"S293","blue",211
"S294","blue",208
"S295","blue",175
"S296","blue",196
"S297","blue",252
"S298","blue",194
"S299","blue",185
"S300","blue",149
